injury_id_2wk,player,gsis_id,season,start_week,last_report_week,report_rows,initial_practice_status,initial_report_status,stat_weeks,team,team_game_weeks,injury_game_weeks,first_game_back,games_missed,weeks_to_return,missed_game_weeks,rtp_status,validated_outcome,validated_return_week,validation_reason,final_rtp_outcome,eligible_missed_game_model,eligible_rtp_duration_model,has_schedule_coverage,missed_game_target,rtp_week,rtp_games_missed,injury_grade,injury_severity,severity_source,severity_notes,reported_grade,reported_severity,severity_evidence,source_quality,source,notes,severity_group,injury_classification_flag
00-0011022_2010_1,Donovan McNabb,00-0011022,2010,6,16,9,Full Participation in Practice,Questionable,"[1, 2, 3, 4, 5, 6, 7, 8, 10, 11, 12, 13, 14]",WAS,"[1, 2, 3, 4, 5, 6, 7, 8, 10, 11, 12, 13, 14, 15, 16, 17]","[6, 7, 8, 10, 11, 12, 13, 14, 15, 16, 17]",,2,,"[15, 16]",later_games_exist_no_return,non_injury_role_change,,Benched for Rex Grossman for remainder of season; later absence cannot be attributed solely to hamstring injury.,non_injury_role_change,False,False,True,,,,,unknown,,,,unknown,unknown,unresolved,,,unknown,confirmed_report
00-0020245_2013_1,Michael Vick,00-0020245,2013,6,11,6,Full Participation in Practice,Questionable,"[1, 2, 3, 4, 5, 8, 16]",PHI,"[1, 2, 3, 4, 5, 6, 7, 8, 9, 10, 11, 13, 14, 15, 16, 17]","[6, 7, 8, 9, 10, 11, 13, 14, 15, 16, 17]",16,5,10,"[6, 7, 9, 10, 11]",observed_return,,,,observed_return,True,True,True,1,16,5,,unknown,,,,moderate/severe,clinical_detail,official_or_reputable_reporting,NFL.com,Vick said the hamstring injury was worse than initially expected and high on the leg. He later reinjured it and reported another pop. No numerical grade was reported.,moderate_severe_unknown_grade,confirmed_report
00-0020245_2015_1,Michael Vick,00-0020245,2015,7,9,3,Did Not Participate In Practice,Out,"[2, 3, 4, 5, 6]",PIT,"[1, 2, 3, 4, 5, 6, 7, 8, 9, 10, 12, 13, 14, 15, 16, 17]","[7, 8, 9, 10, 12, 13, 14, 15, 16, 17]",,3,,"[7, 8, 9]",later_games_exist_no_return,medical_return_no_game_stats,,Later documented as healthy inactive and QB3; absence from stats no longer reflected hamstring injury.,medical_return_no_game_stats,True,False,True,1,,3,,unknown,,,,unknown,clinical_detail,official_or_reputable_reporting,Pittsburgh Steelers,Vick had a documented hamstring pull. He was later described by the Steelers as a healthy inactive after recovery. No numerical grade or explicit severity classification was reported.,unknown,confirmed_report
00-0021231_2010_1,David Garrard,00-0021231,2010,15,15,1,Limited Participation in Practice,Questionable,"[1, 2, 3, 4, 5, 6, 8, 10, 11, 12, 13, 14, 15, 16]",JAX,"[1, 2, 3, 4, 5, 6, 7, 8, 10, 11, 12, 13, 14, 15, 16, 17]","[15, 16, 17]",,0,,[],no_games_missed,,,,no_games_missed,True,False,True,0,,,,unknown,,,,mild,severity_description,official_or_reputable_reporting,NFL.com,Contemporary reporting described the injury as a hamstring tweak. Team treated Garrard cautiously; he played and later said the hamstring did not bother him during the game. No grade reported.,mild_grade_unknown,confirmed_report
00-0021429_2016_1,Carson Palmer,00-0021429,2016,7,7,1,Limited Participation in Practice,Questionable,"[1, 2, 3, 4, 6, 7, 8, 10, 11, 12, 13, 14, 15, 16, 17]",ARI,"[1, 2, 3, 4, 5, 6, 7, 8, 10, 11, 12, 13, 14, 15, 16, 17]","[7, 8, 10, 11, 12, 13, 14, 15, 16, 17]",,0,,[],no_games_missed,,,,no_games_missed,True,False,True,0,,,,unknown,,,,unknown,diagnosis_disputed,official_or_reputable_reporting,NFL.com,"The Cardinals initially described Palmer's issue as a hamstring strain, but Palmer later said it was cramping caused by dehydration. Flagged as a disputed hamstring diagnosis.",unknown,hamstring_report_disputed
00-0023459_2014_1,Aaron Rodgers,00-0023459,2014,10,10,1,Full Participation in Practice,Probable,"[1, 2, 3, 4, 5, 6, 7, 8, 10, 11, 12, 13, 14, 15, 16, 17]",GB,"[1, 2, 3, 4, 5, 6, 7, 8, 10, 11, 12, 13, 14, 15, 16, 17]","[10, 11, 12, 13, 14, 15, 16, 17]",,0,,[],no_games_missed,,,,no_games_missed,True,False,True,0,,,,unknown,,,,mild,severity_description,official_or_reputable_reporting,Green Bay Packers / NFL.com,Injury was described as a hamstring tweak. Rodgers remained in the game and said he would not miss time. No grade reported.,mild_grade_unknown,confirmed_report
00-0023459_2016_1,Aaron Rodgers,00-0023459,2016,13,13,1,Limited Participation in Practice,Questionable,"[1, 2, 3, 5, 6, 7, 8, 9, 10, 11, 12, 13, 14, 15, 16, 17]",GB,"[1, 2, 3, 5, 6, 7, 8, 9, 10, 11, 12, 13, 14, 15, 16, 17]","[13, 14, 15, 16, 17]",,0,,[],no_games_missed,,,,no_games_missed,True,False,True,0,,,,unknown,,,,unknown,clinical_detail,official_or_reputable_reporting,Green Bay Packers / NFL.com,Rodgers played through a hamstring injury and was limited in practice. No numerical grade or explicit severity classification was reported.,unknown,confirmed_report
00-0024218_2009_1,Vince Young,00-0024218,2009,15,15,1,Full Participation in Practice,Questionable,"[5, 6, 8, 9, 10, 11, 12, 13, 14, 15, 16, 17]",TEN,"[1, 2, 3, 4, 5, 6, 8, 9, 10, 11, 12, 13, 14, 15, 16, 17]","[15, 16, 17]",,0,,[],no_games_missed,,,,no_games_missed,True,False,True,0,,,,unknown,,,,mild,severity_description,official_or_reputable_reporting,NFL.com / Titans HC Jeff Fisher,Head coach Jeff Fisher explicitly described the injury as a mild right hamstring strain; no numerical grade reported.,mild_grade_unknown,confirmed_report
00-0024218_2011_1,Vince Young,00-0024218,2011,1,3,3,Did Not Participate In Practice,Doubtful,"[6, 11, 12, 13, 15]",,[],[],,0,,[],no_games_missed,,,,no_games_missed,False,False,False,,,,,unknown,,,,unknown,clinical_detail,official_or_reputable_reporting,Philadelphia Eagles / NFL.com,MRI confirmed a right hamstring strain. Young was described as day-to-day and later listed doubtful. No numerical grade or explicit severity classification was reported.,unknown,confirmed_report
00-0024226_2015_1,Jay Cutler,00-0024226,2015,3,5,3,Did Not Participate In Practice,Out,"[1, 2, 4, 5, 6, 8, 9, 10, 11, 12, 13, 14, 15, 16, 17]",CHI,"[1, 2, 3, 4, 5, 6, 8, 9, 10, 11, 12, 13, 14, 15, 16, 17]","[3, 4, 5, 6, 8, 9, 10, 11, 12, 13, 14, 15, 16, 17]",4,1,1,[3],observed_return,,,,observed_return,True,True,True,1,4,1,,unknown,,,,unknown,clinical_detail,official_or_reputable_reporting,NFL.com,Cutler left the game against Arizona with a hamstring injury and did not return. HC John Fox provided no additional specifics on severity. No numerical grade was reported.,unknown,confirmed_report
00-0024318_2011_1,Brad Smith,00-0024318,2011,17,17,1,Did Not Participate In Practice,Out,"[1, 2, 3, 4, 5, 6, 8, 11, 12, 13, 14, 15, 16]",BUF,"[1, 2, 3, 4, 5, 6, 8, 9, 10, 11, 12, 13, 14, 15, 16, 17]",[17],,1,,[17],season_ended_no_return_observable,,,,right_censored,True,False,True,1,,,,unknown,,,,unknown,clinical_detail,official_or_reputable_reporting,NFL.com / Buffalo Bills,Smith missed consecutive practices with a persistent hamstring injury and was considered unlikely to play in the season finale. No numerical grade or explicit severity classification was reported.,unknown,confirmed_report
00-0027796_2010_1,Joe Webb,00-0027796,2010,14,15,2,Limited Participation in Practice,Questionable,"[14, 15, 16, 17]",MIN,"[1, 2, 3, 5, 6, 7, 8, 9, 10, 11, 12, 13, 14, 15, 16, 17]","[14, 15, 16, 17]",,0,,[],no_games_missed,,,,no_games_missed,True,False,True,0,,,,unknown,,,,unknown,unknown,unresolved,,,unknown,confirmed_report
00-0027948_2013_1,Blaine Gabbert,00-0027948,2013,6,8,3,Did Not Participate In Practice,Out,"[1, 4, 5]",JAX,"[1, 2, 3, 4, 5, 6, 7, 8, 10, 11, 12, 13, 14, 15, 16, 17]","[6, 7, 8, 10, 11, 12, 13, 14, 15, 16, 17]",,3,,"[6, 7, 8]",later_games_exist_no_return,medical_return_no_game_stats,8,Cleared for full practice after hamstring injury; Chad Henne remained starter.,medical_return_no_game_stats,True,False,True,1,8,3,,unknown,,,Grade 2,moderate,explicit_grade,official_or_reputable_reporting,Jacksonville Jaguars / NFL.com,Jaguars HC Gus Bradley explicitly diagnosed a Grade 2 hamstring strain and described Gabbert as week-to-week.,moderate,confirmed_report
00-0029263_2022_1,Russell Wilson,00-0029263,2022,7,7,1,Limited Participation in Practice,Questionable,"[1, 2, 3, 4, 5, 6, 8, 10, 11, 12, 13, 14, 16, 17, 18]",DEN,"[1, 2, 3, 4, 5, 6, 7, 8, 10, 11, 12, 13, 14, 15, 16, 17, 18]","[7, 8, 10, 11, 12, 13, 14, 15, 16, 17, 18]",8,1,1,[7],observed_return,,,,observed_return,True,True,True,1,8,1,,unknown,,,Grade 2,moderate,explicit_grade,official_or_reputable_reporting,NFL.com / NFL Network,"NFL Network reported testing showed a partial hamstring tear, also described as a Grade 2 strain.",moderate,confirmed_report
00-0031409_2014_1,Johnny Manziel,00-0031409,2014,17,17,1,Out (Definitely Will Not Play),Out,"[2, 13, 15, 16]",CLE,"[1, 2, 3, 5, 6, 7, 8, 9, 10, 11, 12, 13, 14, 15, 16, 17]",[17],,1,,[17],season_ended_no_return_observable,,,,right_censored,True,False,True,1,,,,unknown,,,,unknown,clinical_detail,official_or_reputable_reporting,Cleveland Browns / NFL.com,Manziel left the Carolina game with a hamstring injury and did not return. He was later placed on injured reserve. No numerical grade or explicit severity classification was reported.,unknown,confirmed_report
00-0031800_2023_1,Taylor Heinicke,00-0031800,2023,12,12,1,Limited Participation in Practice,Questionable,"[8, 9, 10, 16, 17]",ATL,"[1, 2, 3, 4, 5, 6, 7, 8, 9, 10, 12, 13, 14, 15, 16, 17, 18]","[12, 13, 14, 15, 16, 17, 18]",16,1,4,[12],observed_return,,,,observed_return,True,True,True,1,16,1,,unknown,,,,unknown,clinical_detail,official_or_reputable_reporting,Atlanta Falcons / NFL.com,Falcons HC Arthur Smith said Heinicke pulled his hamstring during the game against Arizona. No numerical grade or explicit severity classification was reported.,unknown,confirmed_report
00-0032268_2017_1,Marcus Mariota,00-0032268,2017,5,6,2,Limited Participation in Practice,Questionable,"[1, 2, 3, 4, 6, 7, 9, 10, 11, 12, 13, 14, 15, 16, 17]",TEN,"[1, 2, 3, 4, 5, 6, 7, 9, 10, 11, 12, 13, 14, 15, 16, 17]","[5, 6, 7, 9, 10, 11, 12, 13, 14, 15, 16, 17]",6,1,1,[5],observed_return,,,,observed_return,True,True,True,1,6,1,,unknown,,,,mild,severity_description,official_or_reputable_reporting,Tennessee Titans / ESPN,MRI confirmed a hamstring strain; contemporaneous reporting described it as minor and day-to-day. No numerical grade reported.,mild_grade_unknown,confirmed_report
00-0032436_2019_1,Jeff Driskel,00-0032436,2019,13,13,1,Limited Participation in Practice,Questionable,"[10, 11, 12]",DET,"[1, 2, 3, 4, 6, 7, 8, 9, 10, 11, 12, 13, 14, 15, 16, 17]","[13, 14, 15, 16, 17]",,1,,[13],later_games_exist_no_return,season_ending_injury,,Missed Thanksgiving game with hamstring injury and was subsequently placed on injured reserve.,season_ending_injury,True,False,True,1,,,,unknown,,,,unknown,clinical_detail,official_or_reputable_reporting,Detroit Lions / NFL.com,Team reporting described hamstring tightness and soreness. Driskel said it was improving each day. No numerical grade or explicit severity classification was reported.,unknown,confirmed_report
00-0033077_2024_1,Dak Prescott,00-0033077,2024,10,11,2,Did Not Participate In Practice,Out,"[1, 2, 3, 4, 5, 6, 8, 9]",DAL,"[1, 2, 3, 4, 5, 6, 8, 9, 10, 11, 12, 13, 14, 15, 16, 17, 18]","[10, 11, 12, 13, 14, 15, 16, 17, 18]",,2,,"[10, 11]",later_games_exist_no_return,season_ending_injury,,Partial hamstring tendon avulsion required surgery; ruled out for remainder of season.,season_ending_injury,True,False,True,1,,,,unknown,,,,severe/surgical,clinical_detail,official_or_reputable_reporting,NFL.com / NFL Network,Diagnosed with partial hamstring tendon avulsion. Underwent season-ending surgery. No numerical strain grade reported.,severe,confirmed_report
00-0033119_2021_1,Jacoby Brissett,00-0033119,2021,6,6,1,Limited Participation in Practice,Questionable,"[1, 2, 3, 4, 5, 6, 9, 10, 15, 16]",MIA,"[1, 2, 3, 4, 5, 6, 7, 8, 9, 10, 11, 12, 13, 15, 16, 17, 18]","[6, 7, 8, 9, 10, 11, 12, 13, 15, 16, 17, 18]",,0,,[],no_games_missed,,,,no_games_missed,True,False,True,0,,,,unknown,,,,unknown,clinical_detail,official_or_reputable_reporting,NFL.com,Brissett was listed as questionable with a hamstring injury in Week 6. No numerical grade or explicit severity classification was reported.,unknown,confirmed_report
00-0033119_2023_1,Jacoby Brissett,00-0033119,2023,17,17,1,Limited Participation in Practice,Questionable,"[15, 16]",WAS,"[1, 2, 3, 4, 5, 6, 7, 8, 9, 10, 11, 12, 13, 15, 16, 17, 18]","[17, 18]",,1,,[17],later_games_exist_no_return,right_censored,,Week 17 hamstring tightness caused inactive status; insufficient remaining season to observe RTP.,right_censored,True,False,True,1,,,,unknown,,,,mild,severity_description,official_or_reputable_reporting,Washington Commanders / Washington Post,Brissett reported hamstring tightness and soreness after practice. The team monitored him cautiously. No numerical grade was reported.,mild_grade_unknown,confirmed_report
00-0034796_2025_1,Lamar Jackson,00-0034796,2025,5,8,3,Did Not Participate In Practice,Out,[],,[],[],,0,,[],no_games_missed,,,,no_games_missed,False,False,False,,,,,unknown,,,,unknown,clinical_detail,official_or_reputable_reporting,Baltimore Ravens,Jackson exited against Kansas City with a hamstring injury. The team initially reported no definitive severity. He later returned after missing three games. No numerical grade reported.,unknown,confirmed_report
00-0035228_2019_1,Kyler Murray,00-0035228,2019,13,13,1,Full Participation in Practice,Questionable,"[1, 2, 3, 4, 5, 6, 7, 8, 9, 10, 11, 13, 14, 15, 16, 17]",ARI,"[1, 2, 3, 4, 5, 6, 7, 8, 9, 10, 11, 13, 14, 15, 16, 17]","[13, 14, 15, 16, 17]",,0,,[],no_games_missed,,,,no_games_missed,True,False,True,0,,,,unknown,,,,mild,severity_description,official_or_reputable_reporting,NFL.com,NFL reporting described hamstring tightness after the bye. Murray was active and was not expected to be limited. No numerical grade was reported.,mild_grade_unknown,confirmed_report
00-0035228_2019_2,Kyler Murray,00-0035228,2019,17,17,1,Limited Participation in Practice,Questionable,"[1, 2, 3, 4, 5, 6, 7, 8, 9, 10, 11, 13, 14, 15, 16, 17]",ARI,"[1, 2, 3, 4, 5, 6, 7, 8, 9, 10, 11, 13, 14, 15, 16, 17]",[17],,0,,[],no_games_missed,,,,no_games_missed,True,False,True,0,,,,unknown,,,,unknown,clinical_detail,official_or_reputable_reporting,NFL.com,"Murray suffered a right hamstring injury against Seattle, left the game and did not return, and was a game-time decision for the season finale. No grade or explicit severity was reported.",unknown,confirmed_report
00-0035228_2022_1,Kyler Murray,00-0035228,2022,10,11,2,Limited Participation in Practice,Questionable,"[1, 2, 3, 4, 5, 6, 7, 8, 9, 12, 14]",ARI,"[1, 2, 3, 4, 5, 6, 7, 8, 9, 10, 11, 12, 14, 15, 16, 17, 18]","[10, 11, 12, 14, 15, 16, 17, 18]",12,2,2,"[10, 11]",observed_return,,,,observed_return,True,True,True,1,12,2,,unknown,,,Grade 2,moderate,explicit_grade,secondary_injury_database,DraftSharks injury history,Secondary injury database lists 2022 hamstring strain as Grade 2.,moderate,confirmed_report
00-0035710_2020_1,Daniel Jones,00-0035710,2020,13,16,4,Limited Participation in Practice,Doubtful,"[1, 2, 3, 4, 5, 6, 7, 8, 9, 10, 12, 14, 16, 17]",NYG,"[1, 2, 3, 4, 5, 6, 7, 8, 9, 10, 12, 13, 14, 15, 16, 17]","[13, 14, 15, 16, 17]",16,2,3,"[13, 15]",observed_return,,,,observed_return,True,True,True,1,16,2,,unknown,,,Grade 2,moderate,explicit_grade,secondary_injury_database,DraftSharks injury history,Secondary injury database lists 2020 hamstring strain as Grade 2.,moderate,confirmed_report
00-0036945_2024_1,Justin Fields,00-0036945,2024,8,8,1,"
    ",Questionable,"[1, 2, 3, 4, 5, 6, 11, 12, 13, 15]",PIT,"[1, 2, 3, 4, 5, 6, 7, 8, 10, 11, 12, 13, 14, 15, 16, 17, 18]","[8, 10, 11, 12, 13, 14, 15, 16, 17, 18]",11,1,3,[8],observed_return,,,,observed_return,True,True,True,1,11,1,,unknown,,,,unknown,clinical_detail,official_or_reputable_reporting,Pittsburgh Steelers,Fields was added to Pittsburgh's Week 8 injury report as questionable with a hamstring injury. No numerical grade or explicit severity classification was reported.,unknown,confirmed_report
00-0037327_2025_1,Skylar Thompson,00-0037327,2025,1,1,1,Limited Participation in Practice,Questionable,[],,[],[],,0,,[],no_games_missed,,,,no_games_missed,False,False,False,,,,,unknown,,,,unknown,clinical_detail,official_or_reputable_reporting,Pittsburgh Steelers,"Thompson was added to Pittsburgh's Week 1 injury report with a hamstring injury, was limited in practice, and was listed questionable. No numerical grade or explicit severity was reported.",unknown,confirmed_report
00-0039910_2025_1,Jayden Daniels,00-0039910,2025,8,8,1,Did Not Participate In Practice,Out,[],,[],[],,0,,[],no_games_missed,,,,no_games_missed,False,False,False,,,,,unknown,,,,mild,severity_description,official_or_reputable_reporting,Washington Commanders / NFL.com,"MRI showed Daniels avoided a significant or long-term hamstring injury, according to HC Dan Quinn. No numerical grade was reported.",mild_grade_unknown,confirmed_report
