player,gsis_id,season,start_week,team,missed_game_target,predicted_probability,predicted_class,correct
Michael Vick,00-0020245,2013,6,PHI,1,0.4922876007538017,0,False
Michael Vick,00-0020245,2015,7,PIT,1,0.9455845129781393,1,True
David Garrard,00-0021231,2010,15,JAX,0,0.5253440340234832,1,False
Carson Palmer,00-0021429,2016,7,ARI,0,0.37536475978340833,0,True
Aaron Rodgers,00-0023459,2014,10,GB,0,0.4397759595658279,0,True
Aaron Rodgers,00-0023459,2016,13,GB,0,0.45288351548720873,0,True
Vince Young,00-0024218,2009,15,TEN,0,0.48387938139920894,0,True
Jay Cutler,00-0024226,2015,3,CHI,1,0.9142068994156488,1,True
Brad Smith,00-0024318,2011,17,BUF,1,0.9914220963591437,1,True
Joe Webb,00-0027796,2010,14,MIN,0,0.5039086701370722,1,False
Blaine Gabbert,00-0027948,2013,6,JAX,1,0.8710087857543332,1,True
Russell Wilson,00-0029263,2022,7,DEN,1,0.4086034906082195,0,False
Johnny Manziel,00-0031409,2014,17,CLE,1,0.9647483884547631,1,True
Taylor Heinicke,00-0031800,2023,12,ATL,1,0.526012113591715,1,True
Marcus Mariota,00-0032268,2017,5,TEN,1,0.5108118383658142,1,True
Jeff Driskel,00-0032436,2019,13,DET,1,0.2513702509758077,0,False
Dak Prescott,00-0033077,2024,10,DAL,1,0.8544765305674562,1,True
Jacoby Brissett,00-0033119,2021,6,MIA,0,0.3693634852960698,0,True
Jacoby Brissett,00-0033119,2023,17,WAS,1,0.76112947268731,1,True
Kyler Murray,00-0035228,2019,13,ARI,0,0.4023569925447679,0,True
Kyler Murray,00-0035228,2019,17,ARI,0,0.5271664203412821,1,False
Kyler Murray,00-0035228,2022,10,ARI,1,0.20673472720439665,0,False
Daniel Jones,00-0035710,2020,13,NYG,1,0.8136590720501241,1,True
Justin Fields,00-0036945,2024,8,PIT,1,0.35791006971058503,0,False
