player,gsis_id,season,start_week,team,report_out_or_doubtful,prior_hamstring_episodes,pre3_total_actions_avg,pre3_games_used,missed_game_target,pre3_workload_missing
Michael Vick,00-0020245,2013,6,PHI,0,0,30.0,3,1,0
Michael Vick,00-0020245,2015,7,PIT,1,1,25.0,3,1,0
David Garrard,00-0021231,2010,15,JAX,0,0,32.333333333333336,3,0,0
Carson Palmer,00-0021429,2016,7,ARI,0,0,41.0,3,0,0
Aaron Rodgers,00-0023459,2014,10,GB,0,0,38.333333333333336,3,0,0
Aaron Rodgers,00-0023459,2016,13,GB,0,1,47.666666666666664,3,0,0
Vince Young,00-0024218,2009,15,TEN,0,0,34.333333333333336,3,0,0
Jay Cutler,00-0024226,2015,3,CHI,1,0,26.0,2,1,0
Brad Smith,00-0024318,2011,17,BUF,1,0,0.0,3,1,0
Joe Webb,00-0027796,2010,14,MIN,0,0,,0,0,1
Blaine Gabbert,00-0027948,2013,6,JAX,1,0,31.666666666666668,3,1,0
Russell Wilson,00-0029263,2022,7,DEN,0,0,34.666666666666664,3,1,0
Johnny Manziel,00-0031409,2014,17,CLE,1,0,14.333333333333334,3,1,0
Taylor Heinicke,00-0031800,2023,12,ATL,0,0,27.666666666666668,3,1,0
Marcus Mariota,00-0032268,2017,5,TEN,0,0,28.666666666666668,3,1,0
Jeff Driskel,00-0032436,2019,13,DET,0,0,42.333333333333336,3,1,0
Dak Prescott,00-0033077,2024,10,DAL,1,0,33.333333333333336,3,1,0
Jacoby Brissett,00-0033119,2021,6,MIA,0,0,42.666666666666664,3,0,0
Jacoby Brissett,00-0033119,2023,17,WAS,0,1,13.0,2,1,0
Kyler Murray,00-0035228,2019,13,ARI,0,0,39.0,3,0,0
Kyler Murray,00-0035228,2019,17,ARI,0,1,29.666666666666668,3,0,0
Kyler Murray,00-0035228,2022,10,ARI,0,2,43.0,3,1,0
Daniel Jones,00-0035710,2020,13,NYG,1,0,36.666666666666664,3,1,0
Justin Fields,00-0036945,2024,8,PIT,0,0,37.333333333333336,3,1,0
